Chain,Pos,Residue,Category,Risk,Sec.Str.,Exposure,RSA%,Liability Type,Note
Heavy Chain Sequence,6,QS,Deamidation,MEDIUM,Helix (α),Exposed,40,Deamidation – Medium Risk,
Heavy Chain Sequence,43,QG,Deamidation,MEDIUM,Helix (α),Exposed,42,Deamidation – Medium Risk,
Heavy Chain Sequence,55,NG,Deamidation,HIGH,Turn,Exposed,48,Deamidation – High Risk,
Heavy Chain Sequence,66,NR,Deamidation,MEDIUM,Sheet (β),Exposed,44,Deamidation – Medium Risk,
Heavy Chain Sequence,112,QG,Deamidation,MEDIUM,Sheet (β),Exposed,38,Deamidation – Medium Risk,
Heavy Chain Sequence,162,NS,Deamidation,HIGH,Sheet (β),Exposed,45,Deamidation – High Risk,
Heavy Chain Sequence,178,QS,Deamidation,MEDIUM,Helix (α),Exposed,39,Deamidation – Medium Risk,
Heavy Chain Sequence,211,NT,Deamidation,MEDIUM,Helix (α),Exposed,43,Deamidation – Medium Risk,
Heavy Chain Sequence,286,NA,Deamidation,MEDIUM,Helix (α),Exposed,40,Deamidation – Medium Risk,
Heavy Chain Sequence,297,NS,Deamidation,HIGH,Sheet (β),Exposed,39,Deamidation – High Risk,
Heavy Chain Sequence,315,NG,Deamidation,HIGH,Coil,Exposed,53,Deamidation – High Risk,
Heavy Chain Sequence,361,NQ,Deamidation,MEDIUM,Sheet (β),Exposed,38,Deamidation – Medium Risk,
Heavy Chain Sequence,384,NG,Deamidation,HIGH,Helix (α),Exposed,50,Deamidation – High Risk,
Heavy Chain Sequence,434,NH,Deamidation,MEDIUM,Sheet (β),Exposed,39,Deamidation – Medium Risk,
Heavy Chain Sequence,22,C,Oxidation,MEDIUM,Sheet (β),Partial,14,Oxidation – Medium Risk,
Heavy Chain Sequence,27,Y,Oxidation,LOW,Sheet (β),Exposed,30,Oxidation – Low Risk,
Heavy Chain Sequence,29,F,Oxidation,LOW,Sheet (β),Partial,20,Oxidation – Low Risk,
Heavy Chain Sequence,32,Y,Oxidation,LOW,Sheet (β),Exposed,29,Oxidation – Low Risk,
Heavy Chain Sequence,33,Y,Oxidation,LOW,Sheet (β),Exposed,30,Oxidation – Low Risk,
Heavy Chain Sequence,34,M,Oxidation,HIGH,Helix (α),Partial,22,Oxidation – High Risk,
Heavy Chain Sequence,35,Y,Oxidation,LOW,Sheet (β),Exposed,30,Oxidation – Low Risk,
Heavy Chain Sequence,36,W,Oxidation,HIGH,Sheet (β),Partial,23,Oxidation – High Risk,
Heavy Chain Sequence,47,W,Oxidation,HIGH,Sheet (β),Partial,22,Oxidation – High Risk,
Heavy Chain Sequence,48,M,Oxidation,HIGH,Helix (α),Partial,22,Oxidation – High Risk,
Heavy Chain Sequence,60,F,Oxidation,LOW,Helix (α),Partial,24,Oxidation – Low Risk,
Heavy Chain Sequence,64,F,Oxidation,LOW,Helix (α),Partial,24,Oxidation – Low Risk,
Heavy Chain Sequence,80,Y,Oxidation,LOW,Sheet (β),Exposed,30,Oxidation – Low Risk,
Heavy Chain Sequence,81,M,Oxidation,HIGH,Helix (α),Partial,21,Oxidation – High Risk,
Heavy Chain Sequence,88,F,Oxidation,LOW,Sheet (β),Partial,19,Oxidation – Low Risk,
Heavy Chain Sequence,94,Y,Oxidation,LOW,Sheet (β),Exposed,30,Oxidation – Low Risk,
Heavy Chain Sequence,95,Y,Oxidation,LOW,Sheet (β),Exposed,30,Oxidation – Low Risk,
Heavy Chain Sequence,96,C,Oxidation,MEDIUM,Sheet (β),Partial,15,Oxidation – Medium Risk,
Heavy Chain Sequence,101,Y,Oxidation,LOW,Sheet (β),Exposed,31,Oxidation – Low Risk,
Heavy Chain Sequence,103,F,Oxidation,LOW,Sheet (β),Partial,23,Oxidation – Low Risk,
Heavy Chain Sequence,105,M,Oxidation,HIGH,Helix (α),Partial,23,Oxidation – High Risk,
Heavy Chain Sequence,107,F,Oxidation,LOW,Sheet (β),Partial,21,Oxidation – Low Risk,
Heavy Chain Sequence,109,Y,Oxidation,LOW,Sheet (β),Exposed,31,Oxidation – Low Risk,
Heavy Chain Sequence,110,W,Oxidation,HIGH,Sheet (β),Partial,23,Oxidation – High Risk,
Heavy Chain Sequence,129,F,Oxidation,LOW,Sheet (β),Partial,18,Oxidation – Low Risk,
Heavy Chain Sequence,134,C,Oxidation,MEDIUM,Turn,Partial,18,Oxidation – Medium Risk,
Heavy Chain Sequence,147,C,Oxidation,MEDIUM,Sheet (β),Partial,12,Oxidation – Medium Risk,
Heavy Chain Sequence,152,Y,Oxidation,LOW,Sheet (β),Exposed,28,Oxidation – Low Risk,
Heavy Chain Sequence,153,F,Oxidation,LOW,Sheet (β),Partial,20,Oxidation – Low Risk,
Heavy Chain Sequence,161,W,Oxidation,HIGH,Sheet (β),Partial,21,Oxidation – High Risk,
Heavy Chain Sequence,171,H,Oxidation,MEDIUM,Helix (α),Exposed,33,Oxidation – Medium Risk,
Heavy Chain Sequence,173,F,Oxidation,LOW,Sheet (β),Partial,18,Oxidation – Low Risk,
Heavy Chain Sequence,183,Y,Oxidation,LOW,Sheet (β),Exposed,28,Oxidation – Low Risk,
Heavy Chain Sequence,201,Y,Oxidation,LOW,Sheet (β),Exposed,30,Oxidation – Low Risk,
Heavy Chain Sequence,203,C,Oxidation,MEDIUM,Sheet (β),Partial,16,Oxidation – Medium Risk,
Heavy Chain Sequence,207,H,Oxidation,MEDIUM,Helix (α),Exposed,37,Oxidation – Medium Risk,
Heavy Chain Sequence,222,Y,Oxidation,LOW,Helix (α),Exposed,34,Oxidation – Low Risk,
Heavy Chain Sequence,226,C,Oxidation,MEDIUM,Turn,Partial,19,Oxidation – Medium Risk,
Heavy Chain Sequence,229,C,Oxidation,MEDIUM,Turn,Partial,19,Oxidation – Medium Risk,
Heavy Chain Sequence,234,F,Oxidation,LOW,Helix (α),Partial,21,Oxidation – Low Risk,
Heavy Chain Sequence,241,F,Oxidation,LOW,Sheet (β),Partial,19,Oxidation – Low Risk,
Heavy Chain Sequence,243,F,Oxidation,LOW,Sheet (β),Partial,20,Oxidation – Low Risk,
Heavy Chain Sequence,252,M,Oxidation,HIGH,Helix (α),Partial,22,Oxidation – High Risk,
Heavy Chain Sequence,261,C,Oxidation,MEDIUM,Sheet (β),Partial,11,Oxidation – Medium Risk,
Heavy Chain Sequence,275,F,Oxidation,LOW,Sheet (β),Partial,21,Oxidation – Low Risk,
Heavy Chain Sequence,277,W,Oxidation,HIGH,Sheet (β),Partial,22,Oxidation – High Risk,
Heavy Chain Sequence,278,Y,Oxidation,LOW,Sheet (β),Exposed,29,Oxidation – Low Risk,
Heavy Chain Sequence,285,H,Oxidation,MEDIUM,Helix (α),Exposed,37,Oxidation – Medium Risk,
Heavy Chain Sequence,296,F,Oxidation,LOW,Sheet (β),Partial,24,Oxidation – Low Risk,
Heavy Chain Sequence,300,Y,Oxidation,LOW,Sheet (β),Exposed,29,Oxidation – Low Risk,
Heavy Chain Sequence,310,H,Oxidation,MEDIUM,Helix (α),Exposed,34,Oxidation – Medium Risk,
Heavy Chain Sequence,313,W,Oxidation,HIGH,Helix (α),Exposed,25,Oxidation – High Risk,
Heavy Chain Sequence,319,Y,Oxidation,LOW,Sheet (β),Exposed,31,Oxidation – Low Risk,
Heavy Chain Sequence,321,C,Oxidation,MEDIUM,Sheet (β),Partial,17,Oxidation – Medium Risk,
Heavy Chain Sequence,349,Y,Oxidation,LOW,Sheet (β),Exposed,31,Oxidation – Low Risk,
Heavy Chain Sequence,358,M,Oxidation,HIGH,Helix (α),Partial,24,Oxidation – High Risk,
Heavy Chain Sequence,367,C,Oxidation,MEDIUM,Sheet (β),Partial,12,Oxidation – Medium Risk,
Heavy Chain Sequence,372,F,Oxidation,LOW,Sheet (β),Partial,18,Oxidation – Low Risk,
Heavy Chain Sequence,373,Y,Oxidation,LOW,Sheet (β),Exposed,28,Oxidation – Low Risk,
Heavy Chain Sequence,381,W,Oxidation,HIGH,Sheet (β),Partial,23,Oxidation – High Risk,
Heavy Chain Sequence,391,Y,Oxidation,LOW,Sheet (β),Exposed,33,Oxidation – Low Risk,
Heavy Chain Sequence,404,F,Oxidation,LOW,Sheet (β),Partial,21,Oxidation – Low Risk,
Heavy Chain Sequence,405,F,Oxidation,LOW,Sheet (β),Partial,19,Oxidation – Low Risk,
Heavy Chain Sequence,407,Y,Oxidation,LOW,Sheet (β),Exposed,27,Oxidation – Low Risk,
Heavy Chain Sequence,417,W,Oxidation,HIGH,Helix (α),Exposed,26,Oxidation – High Risk,
Heavy Chain Sequence,423,F,Oxidation,LOW,Sheet (β),Partial,19,Oxidation – Low Risk,
Heavy Chain Sequence,425,C,Oxidation,MEDIUM,Sheet (β),Partial,13,Oxidation – Medium Risk,
Heavy Chain Sequence,428,M,Oxidation,HIGH,Helix (α),Partial,20,Oxidation – High Risk,
Heavy Chain Sequence,429,H,Oxidation,MEDIUM,Helix (α),Exposed,34,Oxidation – Medium Risk,
Heavy Chain Sequence,433,H,Oxidation,MEDIUM,Helix (α),Exposed,37,Oxidation – Medium Risk,
Heavy Chain Sequence,435,H,Oxidation,MEDIUM,Sheet (β),Exposed,35,Oxidation – Medium Risk,
Heavy Chain Sequence,436,Y,Oxidation,LOW,Sheet (β),Exposed,31,Oxidation – Low Risk,
Heavy Chain Sequence,73,DS,Isomerization,HIGH,Sheet (β),Exposed,36,Isomerization – High Risk,
Heavy Chain Sequence,89,DD,Isomerization,MEDIUM,Helix (α),Exposed,39,Isomerization – Medium Risk,
Heavy Chain Sequence,90,DT,Isomerization,MEDIUM,Helix (α),Exposed,39,Isomerization – Medium Risk,
Heavy Chain Sequence,206,DH,Isomerization,MEDIUM,Helix (α),Exposed,41,Isomerization – Medium Risk,
Heavy Chain Sequence,249,DT,Isomerization,MEDIUM,Helix (α),Exposed,40,Isomerization – Medium Risk,
Heavy Chain Sequence,280,DG,Isomerization,HIGH,Helix (α),Exposed,38,Isomerization – High Risk,
Heavy Chain Sequence,399,DS,Isomerization,HIGH,Helix (α),Exposed,39,Isomerization – High Risk,
Heavy Chain Sequence,401,DG,Isomerization,HIGH,Helix (α),Exposed,37,Isomerization – High Risk,
Heavy Chain Sequence,297,NST,Glycosylation,INFO,Sheet (β),Exposed,39,"N-Glycosylation Sequon (NXS/T, X≠P)",
Heavy Chain Sequence,256,TP,Glycosylation,INFO,Sheet (β),Exposed,31,O-Glycosylation Site (S/T-P motif),
Heavy Chain Sequence,394,TP,Glycosylation,INFO,Sheet (β),Exposed,47,O-Glycosylation Site (S/T-P motif),
Heavy Chain Sequence,270,DP,Truncation,HIGH,Helix (α),Exposed,40,Truncation – High Risk,Acid-labile Asp–Pro bond
Heavy Chain Sequence,1,Q,Truncation,HIGH,Helix (α),Exposed,46,Truncation – High Risk,N-terminal Gln → pyroglutamate (–17 Da)
Heavy Chain Sequence,447,K,Truncation,MEDIUM,Coil,Exposed,71,Truncation – Medium Risk (C-term clipping),C-terminal Lys clipping (CHO expression)
Light Chain Sequence,6,QS,Deamidation,MEDIUM,Helix (α),Exposed,39,Deamidation – Medium Risk,
Light Chain Sequence,156,NA,Deamidation,MEDIUM,Coil,Exposed,51,Deamidation – Medium Risk,
Light Chain Sequence,159,QS,Deamidation,MEDIUM,Turn,Exposed,51,Deamidation – Medium Risk,
Light Chain Sequence,162,NS,Deamidation,HIGH,Helix (α),Exposed,40,Deamidation – High Risk,
Light Chain Sequence,203,QG,Deamidation,MEDIUM,Helix (α),Exposed,47,Deamidation – Medium Risk,
Light Chain Sequence,214,NR,Deamidation,MEDIUM,Turn,Exposed,66,Deamidation – Medium Risk,
Light Chain Sequence,23,C,Oxidation,MEDIUM,Sheet (β),Partial,15,Oxidation – Medium Risk,
Light Chain Sequence,34,Y,Oxidation,LOW,Sheet (β),Exposed,29,Oxidation – Low Risk,
Light Chain Sequence,36,Y,Oxidation,LOW,Sheet (β),Exposed,31,Oxidation – Low Risk,
Light Chain Sequence,38,H,Oxidation,MEDIUM,Helix (α),Exposed,37,Oxidation – Medium Risk,
Light Chain Sequence,39,W,Oxidation,HIGH,Sheet (β),Partial,25,Oxidation – High Risk,
Light Chain Sequence,40,Y,Oxidation,LOW,Sheet (β),Exposed,32,Oxidation – Low Risk,
Light Chain Sequence,53,Y,Oxidation,LOW,Sheet (β),Exposed,27,Oxidation – Low Risk,
Light Chain Sequence,57,Y,Oxidation,LOW,Sheet (β),Exposed,27,Oxidation – Low Risk,
Light Chain Sequence,66,F,Oxidation,LOW,Turn,Exposed,26,Oxidation – Low Risk,
Light Chain Sequence,75,F,Oxidation,LOW,Sheet (β),Partial,19,Oxidation – Low Risk,
Light Chain Sequence,87,F,Oxidation,LOW,Sheet (β),Partial,19,Oxidation – Low Risk,
Light Chain Sequence,90,Y,Oxidation,LOW,Sheet (β),Exposed,30,Oxidation – Low Risk,
Light Chain Sequence,91,Y,Oxidation,LOW,Sheet (β),Exposed,30,Oxidation – Low Risk,
Light Chain Sequence,92,C,Oxidation,MEDIUM,Sheet (β),Partial,15,Oxidation – Medium Risk,
Light Chain Sequence,94,H,Oxidation,MEDIUM,Helix (α),Exposed,36,Oxidation – Medium Risk,
Light Chain Sequence,102,F,Oxidation,LOW,Sheet (β),Partial,20,Oxidation – Low Risk,
Light Chain Sequence,120,F,Oxidation,LOW,Sheet (β),Partial,17,Oxidation – Low Risk,
Light Chain Sequence,122,F,Oxidation,LOW,Sheet (β),Partial,19,Oxidation – Low Risk,
Light Chain Sequence,138,C,Oxidation,MEDIUM,Sheet (β),Partial,11,Oxidation – Medium Risk,
Light Chain Sequence,143,F,Oxidation,LOW,Sheet (β),Partial,20,Oxidation – Low Risk,
Light Chain Sequence,144,Y,Oxidation,LOW,Sheet (β),Exposed,30,Oxidation – Low Risk,
Light Chain Sequence,152,W,Oxidation,HIGH,Sheet (β),Partial,24,Oxidation – High Risk,
Light Chain Sequence,177,Y,Oxidation,LOW,Sheet (β),Exposed,31,Oxidation – Low Risk,
Light Chain Sequence,190,Y,Oxidation,LOW,Helix (α),Exposed,34,Oxidation – Low Risk,
Light Chain Sequence,193,H,Oxidation,MEDIUM,Helix (α),Exposed,36,Oxidation – Medium Risk,
Light Chain Sequence,196,Y,Oxidation,LOW,Sheet (β),Exposed,30,Oxidation – Low Risk,
Light Chain Sequence,198,C,Oxidation,MEDIUM,Sheet (β),Partial,15,Oxidation – Medium Risk,
Light Chain Sequence,202,H,Oxidation,MEDIUM,Helix (α),Exposed,34,Oxidation – Medium Risk,
Light Chain Sequence,213,F,Oxidation,LOW,Sheet (β),Partial,21,Oxidation – Low Risk,
Light Chain Sequence,218,C,Oxidation,MEDIUM,Turn,Partial,23,Oxidation – Medium Risk,
Light Chain Sequence,155,DN,Isomerization,MEDIUM,Helix (α),Exposed,51,Isomerization – Medium Risk,
Light Chain Sequence,171,DS,Isomerization,HIGH,Helix (α),Exposed,41,Isomerization – High Risk,
Light Chain Sequence,174,DS,Isomerization,HIGH,Coil,Exposed,52,Isomerization – High Risk,
Light Chain Sequence,7,SP,Glycosylation,INFO,Sheet (β),Exposed,43,O-Glycosylation Site (S/T-P motif),
Light Chain Sequence,14,SP,Glycosylation,INFO,Sheet (β),Exposed,46,O-Glycosylation Site (S/T-P motif),
Light Chain Sequence,207,SP,Glycosylation,INFO,Sheet (β),Exposed,34,O-Glycosylation Site (S/T-P motif),
Light Chain Sequence,1,E,Truncation,HIGH,Helix (α),Exposed,48,Truncation – High Risk,N-terminal Glu → pyroglutamate (–18 Da)
